upgrade_id,name,class,rating,ship
128915458,Abrasion Blaster,1,D,
128915459,Abrasion Blaster,1,D,
128663561,Advanced Discovery Scanner,1,C,
128935155,Advanced Docking Computer,1,E,
128935982,Advanced Missile Rack,1,B,
128935983,Advanced Missile Rack,2,B,
128935981,Advanced Multi-Cannon,1,F,
128935980,Advanced Multi-Cannon,2,E,
128975719,Advanced Planetary Approach Suite,1,I,
128671339,Advanced Plasma Accelerator,3,B,
128667630,Auto Field-Maintenance Unit,1,A,
128667622,Auto Field-Maintenance Unit,1,B,
128667614,Auto Field-Maintenance Unit,1,C,
128667606,Auto Field-Maintenance Unit,1,D,
128667598,Auto Field-Maintenance Unit,1,E,
128667631,Auto Field-Maintenance Unit,2,A,
128667623,Auto Field-Maintenance Unit,2,B,
128667615,Auto Field-Maintenance Unit,2,C,
128667607,Auto Field-Maintenance Unit,2,D,
128667599,Auto Field-Maintenance Unit,2,E,
128667632,Auto Field-Maintenance Unit,3,A,
128667624,Auto Field-Maintenance Unit,3,B,
128667616,Auto Field-Maintenance Unit,3,C,
128667608,Auto Field-Maintenance Unit,3,D,
128667600,Auto Field-Maintenance Unit,3,E,
128667633,Auto Field-Maintenance Unit,4,A,
128667625,Auto Field-Maintenance Unit,4,B,
128667617,Auto Field-Maintenance Unit,4,C,
128667609,Auto Field-Maintenance Unit,4,D,
128667601,Auto Field-Maintenance Unit,4,E,
128667634,Auto Field-Maintenance Unit,5,A,
128667626,Auto Field-Maintenance Unit,5,B,
128667618,Auto Field-Maintenance Unit,5,C,
128667610,Auto Field-Maintenance Unit,5,D,
128667602,Auto Field-Maintenance Unit,5,E,
128667635,Auto Field-Maintenance Unit,6,A,
128667627,Auto Field-Maintenance Unit,6,B,
128667619,Auto Field-Maintenance Unit,6,C,
128667611,Auto Field-Maintenance Unit,6,D,
128667603,Auto Field-Maintenance Unit,6,E,
128667636,Auto Field-Maintenance Unit,7,A,
128667628,Auto Field-Maintenance Unit,7,B,
128667620,Auto Field-Maintenance Unit,7,C,
128667612,Auto Field-Maintenance Unit,7,D,
128667604,Auto Field-Maintenance Unit,7,E,
128667637,Auto Field-Maintenance Unit,8,A,
128667629,Auto Field-Maintenance Unit,8,B,
128667621,Auto Field-Maintenance Unit,8,C,
128667613,Auto Field-Maintenance Unit,8,D,
128667605,Auto Field-Maintenance Unit,8,E,
128788699,AX Missile Rack,2,B,
128788704,AX Missile Rack,2,B,
128788700,AX Missile Rack,3,A,
128788705,AX Missile Rack,3,A,
128788701,AX Multi-Cannon,2,E,
128793059,AX Multi-Cannon,2,F,
128788702,AX Multi-Cannon,3,C,
128793060,AX Multi-Cannon,3,E,
128662535,Basic Discovery Scanner,1,E,
128666642,Basic Discovery Scanner,1,E,
128049428,Beam Laser,1,E,
128049432,Beam Laser,1,E,
128049435,Beam Laser,1,F,
128049429,Beam Laser,2,D,
128049433,Beam Laser,2,D,
128049436,Beam Laser,2,E,
128049430,Beam Laser,3,C,
128049434,Beam Laser,3,C,
128049437,Beam Laser,3,D,
128049431,Beam Laser,4,A,
128681994,Beam Laser,4,A,
128671331,Bi-Weave Shield Generator,1,C,
128671332,Bi-Weave Shield Generator,2,C,
128671333,Bi-Weave Shield Generator,3,C,
128671334,Bi-Weave Shield Generator,4,C,
128671335,Bi-Weave Shield Generator,5,C,
128671336,Bi-Weave Shield Generator,6,C,
128671337,Bi-Weave Shield Generator,7,C,
128671338,Bi-Weave Shield Generator,8,C,
128049400,Burst Laser,1,F,
128049404,Burst Laser,1,G,
128049407,Burst Laser,1,G,
128049401,Burst Laser,2,E,
128049405,Burst Laser,2,F,
128049408,Burst Laser,2,F,
128049402,Burst Laser,3,D,
128049406,Burst Laser,3,E,
128049409,Burst Laser,3,E,
128049403,Burst Laser,4,E,
128727920,Burst Laser,4,E,
128734692,Business Class Passenger Cabin,3,D,
128727923,Business Class Passenger Cabin,4,D,
128734694,Business Class Passenger Cabin,5,D,
128727927,Business Class Passenger Cabin,6,D,
128049438,Cannon,1,D,
128049442,Cannon,1,E,
128049445,Cannon,1,F,
128049439,Cannon,2,D,
128049443,Cannon,2,D,
128049446,Cannon,2,E,
128049440,Cannon,3,C,
128671120,Cannon,3,C,
128049447,Cannon,3,D,
128049441,Cannon,4,B,
128049444,Cannon,4,B,
128064338,Cargo Rack,1,E,
128064339,Cargo Rack,2,E,
128666643,Cargo Rack,2,E,
128064340,Cargo Rack,3,E,
128064341,Cargo Rack,4,E,
128064342,Cargo Rack,5,E,
128064343,Cargo Rack,6,E,
128064344,Cargo Rack,7,E,
128064345,Cargo Rack,8,E,
128662524,Cargo Scanner,0,A,
128662523,Cargo Scanner,0,B,
128662522,Cargo Scanner,0,C,
128662521,Cargo Scanner,0,D,
128662520,Cargo Scanner,0,E,
129019262,Caustic Sink Launcher,0,I,
128049513,Chaff Launcher,0,I,
128671233,Collector Limpet Controller,1,A,
128671232,Collector Limpet Controller,1,B,
128671231,Collector Limpet Controller,1,C,
128671230,Collector Limpet Controller,1,D,
128671229,Collector Limpet Controller,1,E,
128671238,Collector Limpet Controller,3,A,
128671237,Collector Limpet Controller,3,B,
128671236,Collector Limpet Controller,3,C,
128671235,Collector Limpet Controller,3,D,
128671234,Collector Limpet Controller,3,E,
128671243,Collector Limpet Controller,5,A,
128671242,Collector Limpet Controller,5,B,
128671241,Collector Limpet Controller,5,C,
128671240,Collector Limpet Controller,5,D,
128671239,Collector Limpet Controller,5,E,
128671248,Collector Limpet Controller,7,A,
128671247,Collector Limpet Controller,7,B,
128671246,Collector Limpet Controller,7,C,
128671245,Collector Limpet Controller,7,D,
128671244,Collector Limpet Controller,7,E,
129030051,Concord Cannon,2,D,
128681641,Corrosion Resistant Cargo Rack,1,E,
128681992,Corrosion Resistant Cargo Rack,1,F,
128833944,Corrosion Resistant Cargo Rack,4,E,
128671449,Cytoscrambler Burst Laser,1,F,
128793941,Decontamination Limpet Controller,1,E,
128793942,Decontamination Limpet Controller,3,E,
128793943,Decontamination Limpet Controller,5,E,
128793944,Decontamination Limpet Controller,7,E,
128666634,Detailed Surface Scanner,1,I,
128734690,Economy Class Passenger Cabin,2,E,
128734691,Economy Class Passenger Cabin,3,E,
128727922,Economy Class Passenger Cabin,4,E,
128734693,Economy Class Passenger Cabin,5,E,
128727926,Economy Class Passenger Cabin,6,E,
128049516,Electronic Countermeasure,0,F,
128671345,Enforcer Cannon,1,F,
129022081,Enhanced AX Missile Rack,2,D,
129022083,Enhanced AX Missile Rack,2,E,
129022079,Enhanced AX Missile Rack,3,B,
129022082,Enhanced AX Missile Rack,3,D,
129022080,Enhanced AX Multi-Cannon,2,D,
129022086,Enhanced AX Multi-Cannon,2,E,
129022089,Enhanced AX Multi-Cannon,2,E,
129022084,Enhanced AX Multi-Cannon,3,B,
129022088,Enhanced AX Multi-Cannon,3,C,
129022085,Enhanced AX Multi-Cannon,3,D,
128682014,Enhanced Performance Thrusters,2,A,
128682013,Enhanced Performance Thrusters,3,A,
128808878,Enhanced Xeno Scanner,0,C,
128833995,Enzyme Missile Rack,2,B,
129019260,Experimental Weapon Stabiliser,3,F,
129019261,Experimental Weapon Stabiliser,5,F,
128727930,Fighter Hangar,5,D,
128727931,Fighter Hangar,6,D,
128727932,Fighter Hangar,7,D,
128727924,First Class Passenger Cabin,4,C,
128734695,First Class Passenger Cabin,5,C,
128727928,First Class Passenger Cabin,6,C,
128049448,Fragment Cannon,1,E,
128049451,Fragment Cannon,1,E,
128049453,Fragment Cannon,1,E,
128049449,Fragment Cannon,2,A,
128049452,Fragment Cannon,2,D,
128049454,Fragment Cannon,2,D,
128049450,Fragment Cannon,3,C,
128671321,Fragment Cannon,3,C,
128671322,Fragment Cannon,3,C,
128064107,Frame Shift Drive,2,A,
128064106,Frame Shift Drive,2,B,
128064105,Frame Shift Drive,2,C,
128064104,Frame Shift Drive,2,D,
128064103,Frame Shift Drive,2,E,
128666637,Frame Shift Drive,2,E,
128064112,Frame Shift Drive,3,A,
128064111,Frame Shift Drive,3,B,
128064110,Frame Shift Drive,3,C,
128064109,Frame Shift Drive,3,D,
128064108,Frame Shift Drive,3,E,
128064117,Frame Shift Drive,4,A,
128064116,Frame Shift Drive,4,B,
128064115,Frame Shift Drive,4,C,
128064114,Frame Shift Drive,4,D,
128064113,Frame Shift Drive,4,E,
128064122,Frame Shift Drive,5,A,
128064121,Frame Shift Drive,5,B,
128064120,Frame Shift Drive,5,C,
128064119,Frame Shift Drive,5,D,
128064118,Frame Shift Drive,5,E,
128064127,Frame Shift Drive,6,A,
128064126,Frame Shift Drive,6,B,
128064125,Frame Shift Drive,6,C,
128064124,Frame Shift Drive,6,D,
128064123,Frame Shift Drive,6,E,
128064132,Frame Shift Drive,7,A,
128064131,Frame Shift Drive,7,B,
128064130,Frame Shift Drive,7,C,
128064129,Frame Shift Drive,7,D,
128064128,Frame Shift Drive,7,E,
128064137,Frame Shift Drive,8,A,
128064136,Frame Shift Drive,8,B,
128064135,Frame Shift Drive,8,C,
128064134,Frame Shift Drive,8,D,
128064133,Frame Shift Drive,8,E,
129030580,Frame Shift Drive (SCO),2,A,
129030579,Frame Shift Drive (SCO),2,B,
129030487,Frame Shift Drive (SCO),2,C,
129030578,Frame Shift Drive (SCO),2,D,
129030577,Frame Shift Drive (SCO),2,E,
129030584,Frame Shift Drive (SCO),3,A,
129030583,Frame Shift Drive (SCO),3,B,
129030486,Frame Shift Drive (SCO),3,C,
129030582,Frame Shift Drive (SCO),3,D,
129030581,Frame Shift Drive (SCO),3,E,
129030588,Frame Shift Drive (SCO),4,A,
129030587,Frame Shift Drive (SCO),4,B,
129030485,Frame Shift Drive (SCO),4,C,
129030586,Frame Shift Drive (SCO),4,D,
129030585,Frame Shift Drive (SCO),4,E,
129030592,Frame Shift Drive (SCO),5,A,
129030591,Frame Shift Drive (SCO),5,B,
129030474,Frame Shift Drive (SCO),5,C,
129030590,Frame Shift Drive (SCO),5,D,
129030589,Frame Shift Drive (SCO),5,E,
129030596,Frame Shift Drive (SCO),6,A,
129030595,Frame Shift Drive (SCO),6,B,
129030484,Frame Shift Drive (SCO),6,C,
129030594,Frame Shift Drive (SCO),6,D,
129030593,Frame Shift Drive (SCO),6,E,
129030600,Frame Shift Drive (SCO),7,A,
129030599,Frame Shift Drive (SCO),7,B,
129030483,Frame Shift Drive (SCO),7,C,
129030598,Frame Shift Drive (SCO),7,D,
129030597,Frame Shift Drive (SCO),7,E,
128666720,Frame Shift Drive Interdictor,1,A,
128666716,Frame Shift Drive Interdictor,1,B,
128666712,Frame Shift Drive Interdictor,1,C,
128666708,Frame Shift Drive Interdictor,1,D,
128666704,Frame Shift Drive Interdictor,1,E,
128666721,Frame Shift Drive Interdictor,2,A,
128666717,Frame Shift Drive Interdictor,2,B,
128666713,Frame Shift Drive Interdictor,2,C,
128666709,Frame Shift Drive Interdictor,2,D,
128666705,Frame Shift Drive Interdictor,2,E,
128666722,Frame Shift Drive Interdictor,3,A,
128666718,Frame Shift Drive Interdictor,3,B,
128666714,Frame Shift Drive Interdictor,3,C,
128666710,Frame Shift Drive Interdictor,3,D,
128666706,Frame Shift Drive Interdictor,3,E,
128666723,Frame Shift Drive Interdictor,4,A,
128666719,Frame Shift Drive Interdictor,4,B,
128666715,Frame Shift Drive Interdictor,4,C,
128666711,Frame Shift Drive Interdictor,4,D,
128666707,Frame Shift Drive Interdictor,4,E,
128662529,Frame Shift Wake Scanner,0,A,
128662528,Frame Shift Wake Scanner,0,B,
128662527,Frame Shift Wake Scanner,0,C,
128662526,Frame Shift Wake Scanner,0,D,
128662525,Frame Shift Wake Scanner,0,E,
128666676,Fuel Scoop,1,A,
128666668,Fuel Scoop,1,B,
128666660,Fuel Scoop,1,C,
128666652,Fuel Scoop,1,D,
128666644,Fuel Scoop,1,E,
128666677,Fuel Scoop,2,A,
128666669,Fuel Scoop,2,B,
128666661,Fuel Scoop,2,C,
128666653,Fuel Scoop,2,D,
128666645,Fuel Scoop,2,E,
128666678,Fuel Scoop,3,A,
128666670,Fuel Scoop,3,B,
128666662,Fuel Scoop,3,C,
128666654,Fuel Scoop,3,D,
128666646,Fuel Scoop,3,E,
128666679,Fuel Scoop,4,A,
128666671,Fuel Scoop,4,B,
128666663,Fuel Scoop,4,C,
128666655,Fuel Scoop,4,D,
128666647,Fuel Scoop,4,E,
128666680,Fuel Scoop,5,A,
128666672,Fuel Scoop,5,B,
128666664,Fuel Scoop,5,C,
128666656,Fuel Scoop,5,D,
128666648,Fuel Scoop,5,E,
128666681,Fuel Scoop,6,A,
128666673,Fuel Scoop,6,B,
128666665,Fuel Scoop,6,C,
128666657,Fuel Scoop,6,D,
128666649,Fuel Scoop,6,E,
128666682,Fuel Scoop,7,A,
128666674,Fuel Scoop,7,B,
128666666,Fuel Scoop,7,C,
128666658,Fuel Scoop,7,D,
128666650,Fuel Scoop,7,E,
128666683,Fuel Scoop,8,A,
128666675,Fuel Scoop,8,B,
128666667,Fuel Scoop,8,C,
128666659,Fuel Scoop,8,D,
128666651,Fuel Scoop,8,E,
128064346,Fuel Tank,1,C,
128667018,Fuel Tank,1,C,
128064347,Fuel Tank,2,C,
128064348,Fuel Tank,3,C,
128064349,Fuel Tank,4,C,
128064350,Fuel Tank,5,C,
128064351,Fuel Tank,6,C,
128064352,Fuel Tank,7,C,
128064353,Fuel Tank,8,C,
128671253,Fuel Transfer Limpet Controller,1,A,
128671252,Fuel Transfer Limpet Controller,1,B,
128671251,Fuel Transfer Limpet Controller,1,C,
128671250,Fuel Transfer Limpet Controller,1,D,
128671249,Fuel Transfer Limpet Controller,1,E,
128671258,Fuel Transfer Limpet Controller,3,A,
128671257,Fuel Transfer Limpet Controller,3,B,
128671256,Fuel Transfer Limpet Controller,3,C,
128671255,Fuel Transfer Limpet Controller,3,D,
128671254,Fuel Transfer Limpet Controller,3,E,
128671263,Fuel Transfer Limpet Controller,5,A,
128671262,Fuel Transfer Limpet Controller,5,B,
128671261,Fuel Transfer Limpet Controller,5,C,
128671260,Fuel Transfer Limpet Controller,5,D,
128671259,Fuel Transfer Limpet Controller,5,E,
128671268,Fuel Transfer Limpet Controller,7,A,
128671267,Fuel Transfer Limpet Controller,7,B,
128671266,Fuel Transfer Limpet Controller,7,C,
128671265,Fuel Transfer Limpet Controller,7,D,
128671264,Fuel Transfer Limpet Controller,7,E,
128833975,Guardian FSD Booster,1,H,
128833976,Guardian FSD Booster,2,H,
128833977,Guardian FSD Booster,3,H,
128833978,Guardian FSD Booster,4,H,
128833979,Guardian FSD Booster,5,H,
128891610,Guardian Gauss Cannon,1,D,
128833687,Guardian Gauss Cannon,2,B,
128833946,Guardian Hull Reinforcement,1,D,
128833945,Guardian Hull Reinforcement,1,E,
128833948,Guardian Hull Reinforcement,2,D,
128833947,Guardian Hull Reinforcement,2,E,
128833950,Guardian Hull Reinforcement,3,D,
128833949,Guardian Hull Reinforcement,3,E,
128833952,Guardian Hull Reinforcement,4,D,
128833951,Guardian Hull Reinforcement,4,E,
128833954,Guardian Hull Reinforcement,5,D,
128833953,Guardian Hull Reinforcement,5,E,
128833980,Guardian Hybrid Power Distributor,1,A,
128833981,Guardian Hybrid Power Distributor,2,A,
128833982,Guardian Hybrid Power Distributor,3,A,
128833983,Guardian Hybrid Power Distributor,4,A,
128833984,Guardian Hybrid Power Distributor,5,A,
128833985,Guardian Hybrid Power Distributor,6,A,
128833986,Guardian Hybrid Power Distributor,7,A,
128833987,Guardian Hybrid Power Distributor,8,A,
128833988,Guardian Hybrid Power Plant,2,A,
128833989,Guardian Hybrid Power Plant,3,A,
128833990,Guardian Hybrid Power Plant,4,A,
128833991,Guardian Hybrid Power Plant,5,A,
128833992,Guardian Hybrid Power Plant,6,A,
128833993,Guardian Hybrid Power Plant,7,A,
128833994,Guardian Hybrid Power Plant,8,A,
128833956,Guardian Module Reinforcement,1,D,
128833955,Guardian Module Reinforcement,1,E,
128833958,Guardian Module Reinforcement,2,D,
128833957,Guardian Module Reinforcement,2,E,
128833960,Guardian Module Reinforcement,3,D,
128833959,Guardian Module Reinforcement,3,E,
128833962,Guardian Module Reinforcement,4,D,
128833961,Guardian Module Reinforcement,4,E,
128833964,Guardian Module Reinforcement,5,D,
128833963,Guardian Module Reinforcement,5,E,
129030049,Guardian Nanite Torpedo Pylon,2,I,
129030050,Guardian Nanite Torpedo Pylon,3,I,
128891607,Guardian Plasma Charger,1,D,
128891606,Guardian Plasma Charger,1,F,
128833998,Guardian Plasma Charger,2,B,
128833999,Guardian Plasma Charger,2,E,
128834783,Guardian Plasma Charger,3,C,
128834784,Guardian Plasma Charger,3,D,
128891609,Guardian Shard Cannon,1,D,
128891608,Guardian Shard Cannon,1,F,
128834000,Guardian Shard Cannon,2,A,
128834001,Guardian Shard Cannon,2,D,
128834778,Guardian Shard Cannon,3,C,
128834779,Guardian Shard Cannon,3,D,
128833966,Guardian Shield Reinforcement,1,D,
128833965,Guardian Shield Reinforcement,1,E,
128833968,Guardian Shield Reinforcement,2,D,
128833967,Guardian Shield Reinforcement,2,E,
128833970,Guardian Shield Reinforcement,3,D,
128833969,Guardian Shield Reinforcement,3,E,
128833972,Guardian Shield Reinforcement,4,D,
128833971,Guardian Shield Reinforcement,4,E,
128833974,Guardian Shield Reinforcement,5,D,
128833973,Guardian Shield Reinforcement,5,E,
128066536,Hatch Breaker Limpet Controller,1,A,
128066535,Hatch Breaker Limpet Controller,1,B,
128066534,Hatch Breaker Limpet Controller,1,C,
128066533,Hatch Breaker Limpet Controller,1,D,
128066532,Hatch Breaker Limpet Controller,1,E,
128066402,Hatch Breaker Limpet Controller,1,I,
128066541,Hatch Breaker Limpet Controller,3,A,
128066540,Hatch Breaker Limpet Controller,3,B,
128066539,Hatch Breaker Limpet Controller,3,C,
128066538,Hatch Breaker Limpet Controller,3,D,
128066537,Hatch Breaker Limpet Controller,3,E,
128066546,Hatch Breaker Limpet Controller,5,A,
128066545,Hatch Breaker Limpet Controller,5,B,
128066544,Hatch Breaker Limpet Controller,5,C,
128066543,Hatch Breaker Limpet Controller,5,D,
128066542,Hatch Breaker Limpet Controller,5,E,
128066551,Hatch Breaker Limpet Controller,7,A,
128066550,Hatch Breaker Limpet Controller,7,B,
128066549,Hatch Breaker Limpet Controller,7,C,
128066548,Hatch Breaker Limpet Controller,7,D,
128066547,Hatch Breaker Limpet Controller,7,E,
128049519,Heat Sink Launcher,0,I,
128668538,Hull Reinforcement Package,1,D,
128668537,Hull Reinforcement Package,1,E,
128668540,Hull Reinforcement Package,2,D,
128668539,Hull Reinforcement Package,2,E,
128668542,Hull Reinforcement Package,3,D,
128668541,Hull Reinforcement Package,3,E,
128668544,Hull Reinforcement Package,4,D,
128668543,Hull Reinforcement Package,4,E,
128668546,Hull Reinforcement Package,5,D,
128668545,Hull Reinforcement Package,5,E,
128671341,Imperial Hammer Rail Gun,2,B,
128663560,Intermediate Discovery Scanner,1,D,
128662534,Kill Warrant Scanner,0,A,
128662533,Kill Warrant Scanner,0,B,
128662532,Kill Warrant Scanner,0,C,
128662531,Kill Warrant Scanner,0,D,
128662530,Kill Warrant Scanner,0,E,
128064142,Life Support,1,A,
128064141,Life Support,1,B,
128064140,Life Support,1,C,
128064139,Life Support,1,D,
128064138,Life Support,1,E,
128666638,Life Support,1,E,
128064147,Life Support,2,A,
128064146,Life Support,2,B,
128064145,Life Support,2,C,
128064144,Life Support,2,D,
128064143,Life Support,2,E,
128064152,Life Support,3,A,
128064151,Life Support,3,B,
128064150,Life Support,3,C,
128064149,Life Support,3,D,
128064148,Life Support,3,E,
128064157,Life Support,4,A,
128064156,Life Support,4,B,
128064155,Life Support,4,C,
128064154,Life Support,4,D,
128064153,Life Support,4,E,
128064162,Life Support,5,A,
128064161,Life Support,5,B,
128064160,Life Support,5,C,
128064159,Life Support,5,D,
128064158,Life Support,5,E,
128064167,Life Support,6,A,
128064166,Life Support,6,B,
128064165,Life Support,6,C,
128064164,Life Support,6,D,
128064163,Life Support,6,E,
128064172,Life Support,7,A,
128064171,Life Support,7,B,
128064170,Life Support,7,C,
128064169,Life Support,7,D,
128064168,Life Support,7,E,
128064177,Life Support,8,A,
128064176,Life Support,8,B,
128064175,Life Support,8,C,
128064174,Life Support,8,D,
128064173,Life Support,8,E,
128727925,Luxury Class Passenger Cabin,5,B,
128727929,Luxury Class Passenger Cabin,6,B,
128793118,Meta Alloy Hull Reinforcement,1,D,
128793117,Meta Alloy Hull Reinforcement,1,E,
128793120,Meta Alloy Hull Reinforcement,2,D,
128793119,Meta Alloy Hull Reinforcement,2,E,
128793122,Meta Alloy Hull Reinforcement,3,D,
128793121,Meta Alloy Hull Reinforcement,3,E,
128793124,Meta Alloy Hull Reinforcement,4,D,
128793123,Meta Alloy Hull Reinforcement,4,E,
128793126,Meta Alloy Hull Reinforcement,5,D,
128793125,Meta Alloy Hull Reinforcement,5,E,
128049500,Mine Launcher,1,I,
128049501,Mine Launcher,2,I,
128671340,Mining Lance,1,D,
128049525,Mining Laser,1,D,
128740819,Mining Laser,1,D,
128049526,Mining Laser,2,D,
128740820,Mining Laser,2,D,
129001922,Mining Multi Limpet Controller,3,C,
129001921,Mining Multi Limpet Controller,3,E,
128666724,Missile Rack,1,B,
128666725,Missile Rack,2,B,
128891602,Missile Rack,3,A,
128737271,Module Reinforcement Package,1,D,
128737270,Module Reinforcement Package,1,E,
128737273,Module Reinforcement Package,2,D,
128737272,Module Reinforcement Package,2,E,
128737275,Module Reinforcement Package,3,D,
128737274,Module Reinforcement Package,3,E,
128737277,Module Reinforcement Package,4,D,
128737276,Module Reinforcement Package,4,E,
128737279,Module Reinforcement Package,5,D,
128737278,Module Reinforcement Package,5,E,
128049455,Multi-Cannon,1,F,
128049459,Multi-Cannon,1,G,
128049462,Multi-Cannon,1,G,
128049456,Multi-Cannon,2,E,
128049460,Multi-Cannon,2,F,
128049463,Multi-Cannon,2,F,
128049457,Multi-Cannon,3,C,
128049461,Multi-Cannon,3,C,
128049464,Multi-Cannon,3,E,
128049458,Multi-Cannon,4,A,
128681996,Multi-Cannon,4,A,
129001924,Operations Multi Limpet Controller,3,B,
129001923,Operations Multi Limpet Controller,3,C,
128671343,Pacifier Frag-Cannon,3,C,
128671344,Pack-Hound Missile Rack,2,B,
128672317,Planetary Approach Suite,1,I,
128672289,Planetary Vehicle Hangar,2,G,
128672288,Planetary Vehicle Hangar,2,H,
128672291,Planetary Vehicle Hangar,4,G,
128672290,Planetary Vehicle Hangar,4,H,
128672293,Planetary Vehicle Hangar,6,G,
128672292,Planetary Vehicle Hangar,6,H,
128049465,Plasma Accelerator,2,C,
128049466,Plasma Accelerator,3,B,
128049467,Plasma Accelerator,4,A,
128049522,Point Defence,0,I,
128064182,Power Distributor,1,A,
128064181,Power Distributor,1,B,
128064180,Power Distributor,1,C,
128064179,Power Distributor,1,D,
128064178,Power Distributor,1,E,
128666639,Power Distributor,1,E,
128064187,Power Distributor,2,A,
128064186,Power Distributor,2,B,
128064185,Power Distributor,2,C,
128064184,Power Distributor,2,D,
128064183,Power Distributor,2,E,
128064192,Power Distributor,3,A,
128064191,Power Distributor,3,B,
128064190,Power Distributor,3,C,
128064189,Power Distributor,3,D,
128064188,Power Distributor,3,E,
128064197,Power Distributor,4,A,
128064196,Power Distributor,4,B,
128064195,Power Distributor,4,C,
128064194,Power Distributor,4,D,
128064193,Power Distributor,4,E,
128064202,Power Distributor,5,A,
128064201,Power Distributor,5,B,
128064200,Power Distributor,5,C,
128064199,Power Distributor,5,D,
128064198,Power Distributor,5,E,
128064207,Power Distributor,6,A,
128064206,Power Distributor,6,B,
128064205,Power Distributor,6,C,
128064204,Power Distributor,6,D,
128064203,Power Distributor,6,E,
128064212,Power Distributor,7,A,
128064211,Power Distributor,7,B,
128064210,Power Distributor,7,C,
128064209,Power Distributor,7,D,
128064208,Power Distributor,7,E,
128064217,Power Distributor,8,A,
128064216,Power Distributor,8,B,
128064215,Power Distributor,8,C,
128064214,Power Distributor,8,D,
128064213,Power Distributor,8,E,
128064037,Power Plant,2,A,
128064036,Power Plant,2,B,
128064035,Power Plant,2,C,
128064034,Power Plant,2,D,
128064033,Power Plant,2,E,
128666635,Power Plant,2,E,
128064042,Power Plant,3,A,
128064041,Power Plant,3,B,
128064040,Power Plant,3,C,
128064039,Power Plant,3,D,
128064038,Power Plant,3,E,
128064047,Power Plant,4,A,
128064046,Power Plant,4,B,
128064045,Power Plant,4,C,
128064044,Power Plant,4,D,
128064043,Power Plant,4,E,
128064052,Power Plant,5,A,
128064051,Power Plant,5,B,
128064050,Power Plant,5,C,
128064049,Power Plant,5,D,
128064048,Power Plant,5,E,
128064057,Power Plant,6,A,
128064056,Power Plant,6,B,
128064055,Power Plant,6,C,
128064054,Power Plant,6,D,
128064053,Power Plant,6,E,
128064062,Power Plant,7,A,
128064061,Power Plant,7,B,
128064060,Power Plant,7,C,
128064059,Power Plant,7,D,
128064058,Power Plant,7,E,
128064067,Power Plant,8,A,
128064066,Power Plant,8,B,
128064065,Power Plant,8,C,
128064064,Power Plant,8,D,
128064063,Power Plant,8,E,
128671323,Prismatic Shield Generator,1,A,
128671324,Prismatic Shield Generator,2,A,
128671325,Prismatic Shield Generator,3,A,
128671326,Prismatic Shield Generator,4,A,
128671327,Prismatic Shield Generator,5,A,
128671328,Prismatic Shield Generator,6,A,
128671329,Prismatic Shield Generator,7,A,
128671330,Prismatic Shield Generator,8,A,
128671273,Prospector Limpet Controller,1,A,
128671272,Prospector Limpet Controller,1,B,
128671271,Prospector Limpet Controller,1,C,
128671270,Prospector Limpet Controller,1,D,
128671269,Prospector Limpet Controller,1,E,
128671278,Prospector Limpet Controller,3,A,
128671277,Prospector Limpet Controller,3,B,
128671276,Prospector Limpet Controller,3,C,
128671275,Prospector Limpet Controller,3,D,
128671274,Prospector Limpet Controller,3,E,
128671283,Prospector Limpet Controller,5,A,
128671282,Prospector Limpet Controller,5,B,
128671281,Prospector Limpet Controller,5,C,
128671280,Prospector Limpet Controller,5,D,
128671279,Prospector Limpet Controller,5,E,
128671288,Prospector Limpet Controller,7,A,
128671287,Prospector Limpet Controller,7,B,
128671286,Prospector Limpet Controller,7,C,
128671285,Prospector Limpet Controller,7,D,
128671284,Prospector Limpet Controller,7,E,
128671342,Pulse Disruptor Laser,2,E,
128049381,Pulse Laser,1,F,
128049385,Pulse Laser,1,G,
128049388,Pulse Laser,1,G,
128049382,Pulse Laser,2,E,
128049386,Pulse Laser,2,F,
128049389,Pulse Laser,2,F,
128049383,Pulse Laser,3,D,
128049387,Pulse Laser,3,E,
128049390,Pulse Laser,3,F,
128049384,Pulse Laser,4,A,
128681995,Pulse Laser,4,A,
128915722,Pulse Wave Analyser,0,A,
128915721,Pulse Wave Analyser,0,B,
128915720,Pulse Wave Analyser,0,C,
128915719,Pulse Wave Analyser,0,D,
128915718,Pulse Wave Analyser,0,E,
129022952,Pulse Wave Xeno Scanner,0,C,
128049488,Rail Gun,1,D,
128049489,Rail Gun,2,B,
128837858,Recon Limpet Controller,1,E,
128841592,Recon Limpet Controller,3,E,
128841593,Recon Limpet Controller,5,E,
128841594,Recon Limpet Controller,7,E,
128666700,Refinery,1,A,
128666696,Refinery,1,B,
128666692,Refinery,1,C,
128666688,Refinery,1,D,
128666684,Refinery,1,E,
128666701,Refinery,2,A,
128666697,Refinery,2,B,
128666693,Refinery,2,C,
128666689,Refinery,2,D,
128666685,Refinery,2,E,
128666702,Refinery,3,A,
128666698,Refinery,3,B,
128666694,Refinery,3,C,
128666690,Refinery,3,D,
128666686,Refinery,3,E,
128666703,Refinery,4,A,
128666699,Refinery,4,B,
128666695,Refinery,4,C,
128666691,Refinery,4,D,
128666687,Refinery,4,E,
128785626,Remote Release Flak Launcher,2,B,
128793058,Remote Release Flak Launcher,2,B,
128833996,Remote Release Flechette Launcher,2,B,
128833997,Remote Release Flechette Launcher,2,B,
128777331,Repair Limpet Controller,1,A,
128777330,Repair Limpet Controller,1,B,
128777329,Repair Limpet Controller,1,C,
128777328,Repair Limpet Controller,1,D,
128777327,Repair Limpet Controller,1,E,
128777336,Repair Limpet Controller,3,A,
128777335,Repair Limpet Controller,3,B,
128777334,Repair Limpet Controller,3,C,
128777333,Repair Limpet Controller,3,D,
128777332,Repair Limpet Controller,3,E,
128777341,Repair Limpet Controller,5,A,
128777340,Repair Limpet Controller,5,B,
128777339,Repair Limpet Controller,5,C,
128777338,Repair Limpet Controller,5,D,
128777337,Repair Limpet Controller,5,E,
128777346,Repair Limpet Controller,7,A,
128777345,Repair Limpet Controller,7,B,
128777344,Repair Limpet Controller,7,C,
128777343,Repair Limpet Controller,7,D,
128777342,Repair Limpet Controller,7,E,
129001926,Rescue Multi Limpet Controller,3,C,
129001925,Rescue Multi Limpet Controller,3,D,
128793116,Research Limpet Controller,1,E,
128671346,Retributor Beam Laser,1,E,
128732552,Rocket Propelled FSD Disruptor,2,B,
128049492,Seeker Missile Rack,1,B,
128049493,Seeker Missile Rack,2,B,
128049494,Seeker Missile Rack,3,A,
128915460,Seismic Charge Launcher,2,B,
128915461,Seismic Charge Launcher,2,B,
128064222,Sensors,1,A,
128064221,Sensors,1,B,
128064220,Sensors,1,C,
128064219,Sensors,1,D,
128064218,Sensors,1,E,
128666640,Sensors,1,E,
128064227,Sensors,2,A,
128064226,Sensors,2,B,
128064225,Sensors,2,C,
128064224,Sensors,2,D,
128064223,Sensors,2,E,
128064232,Sensors,3,A,
128064231,Sensors,3,B,
128064230,Sensors,3,C,
128064229,Sensors,3,D,
128064228,Sensors,3,E,
128064237,Sensors,4,A,
128064236,Sensors,4,B,
128064235,Sensors,4,C,
128064234,Sensors,4,D,
128064233,Sensors,4,E,
128064242,Sensors,5,A,
128064241,Sensors,5,B,
128064240,Sensors,5,C,
128064239,Sensors,5,D,
128064238,Sensors,5,E,
128064247,Sensors,6,A,
128064246,Sensors,6,B,
128064245,Sensors,6,C,
128064244,Sensors,6,D,
128064243,Sensors,6,E,
128064252,Sensors,7,A,
128064251,Sensors,7,B,
128064250,Sensors,7,C,
128064249,Sensors,7,D,
128064248,Sensors,7,E,
128064257,Sensors,8,A,
128064256,Sensors,8,B,
128064255,Sensors,8,C,
128064254,Sensors,8,D,
128064253,Sensors,8,E,
128668536,Shield Booster,0,A,
128668535,Shield Booster,0,B,
128668534,Shield Booster,0,C,
128668533,Shield Booster,0,D,
128668532,Shield Booster,0,E,
128064302,Shield Cell Bank,1,A,
128064301,Shield Cell Bank,1,B,
128064300,Shield Cell Bank,1,C,
128064299,Shield Cell Bank,1,D,
128064298,Shield Cell Bank,1,E,
128064307,Shield Cell Bank,2,A,
128064306,Shield Cell Bank,2,B,
128064305,Shield Cell Bank,2,C,
128064304,Shield Cell Bank,2,D,
128064303,Shield Cell Bank,2,E,
128064312,Shield Cell Bank,3,A,
128064311,Shield Cell Bank,3,B,
128064310,Shield Cell Bank,3,C,
128064309,Shield Cell Bank,3,D,
128064308,Shield Cell Bank,3,E,
128064317,Shield Cell Bank,4,A,
128064316,Shield Cell Bank,4,B,
128064315,Shield Cell Bank,4,C,
128064314,Shield Cell Bank,4,D,
128064313,Shield Cell Bank,4,E,
128064322,Shield Cell Bank,5,A,
128064321,Shield Cell Bank,5,B,
128064320,Shield Cell Bank,5,C,
128064319,Shield Cell Bank,5,D,
128064318,Shield Cell Bank,5,E,
128064327,Shield Cell Bank,6,A,
128064326,Shield Cell Bank,6,B,
128064325,Shield Cell Bank,6,C,
128064324,Shield Cell Bank,6,D,
128064323,Shield Cell Bank,6,E,
128064332,Shield Cell Bank,7,A,
128064331,Shield Cell Bank,7,B,
128064330,Shield Cell Bank,7,C,
128064329,Shield Cell Bank,7,D,
128064328,Shield Cell Bank,7,E,
128064337,Shield Cell Bank,8,A,
128064336,Shield Cell Bank,8,B,
128064335,Shield Cell Bank,8,C,
128064334,Shield Cell Bank,8,D,
128064333,Shield Cell Bank,8,E,
128064262,Shield Generator,1,A,
128064260,Shield Generator,1,C,
128064259,Shield Generator,1,D,
128064258,Shield Generator,1,E,
128064267,Shield Generator,2,A,
128064266,Shield Generator,2,B,
128064265,Shield Generator,2,C,
128064264,Shield Generator,2,D,
128064263,Shield Generator,2,E,
128666641,Shield Generator,2,E,
128064272,Shield Generator,3,A,
128064271,Shield Generator,3,B,
128064270,Shield Generator,3,C,
128064269,Shield Generator,3,D,
128064268,Shield Generator,3,E,
128064277,Shield Generator,4,A,
128064276,Shield Generator,4,B,
128064275,Shield Generator,4,C,
128064274,Shield Generator,4,D,
128064273,Shield Generator,4,E,
128064282,Shield Generator,5,A,
128064281,Shield Generator,5,B,
128064280,Shield Generator,5,C,
128064279,Shield Generator,5,D,
128064278,Shield Generator,5,E,
128064287,Shield Generator,6,A,
128064286,Shield Generator,6,B,
128064285,Shield Generator,6,C,
128064284,Shield Generator,6,D,
128064283,Shield Generator,6,E,
128064292,Shield Generator,7,A,
128064291,Shield Generator,7,B,
128064290,Shield Generator,7,C,
128064289,Shield Generator,7,D,
128064288,Shield Generator,7,E,
128064297,Shield Generator,8,A,
128064296,Shield Generator,8,B,
128064295,Shield Generator,8,C,
128064294,Shield Generator,8,D,
128064293,Shield Generator,8,E,
128891605,Shock Cannon,1,D,
128891604,Shock Cannon,1,E,
128891603,Shock Cannon,1,F,
128834002,Shock Cannon,2,D,
128834003,Shock Cannon,2,D,
128834004,Shock Cannon,2,E,
128834780,Shock Cannon,3,C,
128834781,Shock Cannon,3,C,
128834782,Shock Cannon,3,D,
128671448,Shock Mine Launcher,1,I,
128771884,Shutdown Field Neutraliser,0,F,
128049549,Standard Docking Computer,1,E,
128915454,Sub-Surface Displacement Missile,1,B,
128915455,Sub-Surface Displacement Missile,1,B,
128915456,Sub-Surface Displacement Missile,2,B,
128915457,Sub-Surface Displacement Missile,2,B,
129028577,Sub-Surface Extraction Missile,2,B,
128932273,Supercruise Assist,1,E,
129022663,Thargoid Pulse Neutraliser,0,E,
128064072,Thrusters,2,A,
128064071,Thrusters,2,B,
128064070,Thrusters,2,C,
128064069,Thrusters,2,D,
128064068,Thrusters,2,E,
128666636,Thrusters,2,E,
128064077,Thrusters,3,A,
128064076,Thrusters,3,B,
128064075,Thrusters,3,C,
128064074,Thrusters,3,D,
128064073,Thrusters,3,E,
128064082,Thrusters,4,A,
128064081,Thrusters,4,B,
128064080,Thrusters,4,C,
128064079,Thrusters,4,D,
128064078,Thrusters,4,E,
128064087,Thrusters,5,A,
128064086,Thrusters,5,B,
128064085,Thrusters,5,C,
128064084,Thrusters,5,D,
128064083,Thrusters,5,E,
128064092,Thrusters,6,A,
128064091,Thrusters,6,B,
128064090,Thrusters,6,C,
128064089,Thrusters,6,D,
128064088,Thrusters,6,E,
128064097,Thrusters,7,A,
128064096,Thrusters,7,B,
128064095,Thrusters,7,C,
128064094,Thrusters,7,D,
128064093,Thrusters,7,E,
128064102,Thrusters,8,A,
128064101,Thrusters,8,B,
128064100,Thrusters,8,C,
128064099,Thrusters,8,D,
128064098,Thrusters,8,E,
128049509,Torpedo Pylon,1,I,
128049510,Torpedo Pylon,2,I,
128049511,Torpedo Pylon,3,I,
129001930,Universal Multi Limpet Controller,7,A,
129001929,Universal Multi Limpet Controller,7,C,
129001928,Xeno Multi Limpet Controller,3,B,
129001927,Xeno Multi Limpet Controller,3,C,
128793115,Xeno Scanner,0,E,
128049268,Lightweight Alloy,1,I,Adder
128049270,Military Grade Composite,1,I,Adder
128049271,Mirrored Surface Composite,1,I,Adder
128049272,Reactive Surface Composite,1,I,Adder
128049269,Reinforced Alloy,1,I,Adder
128816590,Lightweight Alloy,1,I,Alliance Challenger
128816592,Military Grade Composite,1,I,Alliance Challenger
128816593,Mirrored Surface Composite,1,I,Alliance Challenger
128816594,Reactive Surface Composite,1,I,Alliance Challenger
128816591,Reinforced Alloy,1,I,Alliance Challenger
128816576,Lightweight Alloy,1,I,Alliance Chieftain
128816578,Military Grade Composite,1,I,Alliance Chieftain
128816579,Mirrored Surface Composite,1,I,Alliance Chieftain
128816580,Reactive Surface Composite,1,I,Alliance Chieftain
128816577,Reinforced Alloy,1,I,Alliance Chieftain
128816583,Lightweight Alloy,1,I,Alliance Crusader
128816585,Military Grade Composite,1,I,Alliance Crusader
128816586,Mirrored Surface Composite,1,I,Alliance Crusader
128816587,Reactive Surface Composite,1,I,Alliance Crusader
128816584,Reinforced Alloy,1,I,Alliance Crusader
128049364,Lightweight Alloy,1,I,Anaconda
128049366,Military Grade Composite,1,I,Anaconda
128049367,Mirrored Surface Composite,1,I,Anaconda
128049368,Reactive Surface Composite,1,I,Anaconda
128049365,Reinforced Alloy,1,I,Anaconda
128049304,Lightweight Alloy,1,I,Asp Explorer
128049306,Military Grade Composite,1,I,Asp Explorer
128049307,Mirrored Surface Composite,1,I,Asp Explorer
128049308,Reactive Surface Composite,1,I,Asp Explorer
128049305,Reinforced Alloy,1,I,Asp Explorer
128672278,Lightweight Alloy,1,I,Asp Scout
128672280,Military Grade Composite,1,I,Asp Scout
128672281,Mirrored Surface Composite,1,I,Asp Scout
128672282,Reactive Surface Composite,1,I,Asp Scout
128672279,Reinforced Alloy,1,I,Asp Scout
128049346,Lightweight Alloy,1,I,Beluga Liner
128049348,Military Grade Composite,1,I,Beluga Liner
128049349,Mirrored Surface Composite,1,I,Beluga Liner
128049350,Reactive Surface Composite,1,I,Beluga Liner
128049347,Reinforced Alloy,1,I,Beluga Liner
128049280,Lightweight Alloy,1,I,Cobra Mk III
128049282,Military Grade Composite,1,I,Cobra Mk III
128049283,Mirrored Surface Composite,1,I,Cobra Mk III
128049284,Reactive Surface Composite,1,I,Cobra Mk III
128049281,Reinforced Alloy,1,I,Cobra Mk III
128672264,Lightweight Alloy,1,I,Cobra Mk IV
128672266,Military Grade Composite,1,I,Cobra Mk IV
128672267,Mirrored Surface Composite,1,I,Cobra Mk IV
128672268,Reactive Surface Composite,1,I,Cobra Mk IV
128672265,Reinforced Alloy,1,I,Cobra Mk IV
129031231,Lightweight Alloy,1,I,Cobra Mk V
129031233,Military Grade Composite,1,I,Cobra Mk V
129031234,Mirrored Surface Composite,1,I,Cobra Mk V
129031235,Reactive Surface Composite,1,I,Cobra Mk V
129031232,Reinforced Alloy,1,I,Cobra Mk V
129031322,Lightweight Alloy,1,I,Corsair
129031324,Military Grade Composite,1,I,Corsair
129031325,Mirrored Surface Composite,1,I,Corsair
129031326,Reactive Surface Composite,1,I,Corsair
129031323,Reinforced Alloy,1,I,Corsair
128671832,Lightweight Alloy,1,I,Diamondback Explorer
128671834,Military Grade Composite,1,I,Diamondback Explorer
128671835,Mirrored Surface Composite,1,I,Diamondback Explorer
128671836,Reactive Surface Composite,1,I,Diamondback Explorer
128671833,Reinforced Alloy,1,I,Diamondback Explorer
128671218,Lightweight Alloy,1,I,Diamondback Scout
128671220,Military Grade Composite,1,I,Diamondback Scout
128671221,Mirrored Surface Composite,1,I,Diamondback Scout
128671222,Reactive Surface Composite,1,I,Diamondback Scout
128671219,Reinforced Alloy,1,I,Diamondback Scout
128049292,Lightweight Alloy,1,I,Dolphin
128049294,Military Grade Composite,1,I,Dolphin
128049295,Mirrored Surface Composite,1,I,Dolphin
128049296,Reactive Surface Composite,1,I,Dolphin
128049293,Reinforced Alloy,1,I,Dolphin
128049256,Lightweight Alloy,1,I,Eagle
128049258,Military Grade Composite,1,I,Eagle
128049259,Mirrored Surface Composite,1,I,Eagle
128049260,Reactive Surface Composite,1,I,Eagle
128049257,Reinforced Alloy,1,I,Eagle
128672147,Lightweight Alloy,1,I,Federal Assault Ship
128672149,Military Grade Composite,1,I,Federal Assault Ship
128672150,Mirrored Surface Composite,1,I,Federal Assault Ship
128672151,Reactive Surface Composite,1,I,Federal Assault Ship
128672148,Reinforced Alloy,1,I,Federal Assault Ship
128049370,Lightweight Alloy,1,I,Federal Corvette
128049372,Military Grade Composite,1,I,Federal Corvette
128049373,Mirrored Surface Composite,1,I,Federal Corvette
128049374,Reactive Surface Composite,1,I,Federal Corvette
128049371,Reinforced Alloy,1,I,Federal Corvette
128049322,Lightweight Alloy,1,I,Federal Dropship
128049324,Military Grade Composite,1,I,Federal Dropship
128049325,Mirrored Surface Composite,1,I,Federal Dropship
128049326,Reactive Surface Composite,1,I,Federal Dropship
128049323,Reinforced Alloy,1,I,Federal Dropship
128672154,Lightweight Alloy,1,I,Federal Gunship
128672156,Military Grade Composite,1,I,Federal Gunship
128672157,Mirrored Surface Composite,1,I,Federal Gunship
128672158,Reactive Surface Composite,1,I,Federal Gunship
128672155,Reinforced Alloy,1,I,Federal Gunship
128049352,Lightweight Alloy,1,I,Fer-de-Lance
128049354,Military Grade Composite,1,I,Fer-de-Lance
128049355,Mirrored Surface Composite,1,I,Fer-de-Lance
128049356,Reactive Surface Composite,1,I,Fer-de-Lance
128049353,Reinforced Alloy,1,I,Fer-de-Lance
128049262,Lightweight Alloy,1,I,Hauler
128049264,Military Grade Composite,1,I,Hauler
128049265,Mirrored Surface Composite,1,I,Hauler
128049266,Reactive Surface Composite,1,I,Hauler
128049263,Reinforced Alloy,1,I,Hauler
128049316,Lightweight Alloy,1,I,Imperial Clipper
128049318,Military Grade Composite,1,I,Imperial Clipper
128049319,Mirrored Surface Composite,1,I,Imperial Clipper
128049320,Reactive Surface Composite,1,I,Imperial Clipper
128049317,Reinforced Alloy,1,I,Imperial Clipper
128671224,Lightweight Alloy,1,I,Imperial Courier
128671226,Military Grade Composite,1,I,Imperial Courier
128671227,Mirrored Surface Composite,1,I,Imperial Courier
128671228,Reactive Surface Composite,1,I,Imperial Courier
128671225,Reinforced Alloy,1,I,Imperial Courier
128049376,Lightweight Alloy,1,I,Imperial Cutter
128049378,Military Grade Composite,1,I,Imperial Cutter
128049379,Mirrored Surface Composite,1,I,Imperial Cutter
128049380,Reactive Surface Composite,1,I,Imperial Cutter
128049377,Reinforced Alloy,1,I,Imperial Cutter
128672140,Lightweight Alloy,1,I,Imperial Eagle
128672142,Military Grade Composite,1,I,Imperial Eagle
128672143,Mirrored Surface Composite,1,I,Imperial Eagle
128672144,Reactive Surface Composite,1,I,Imperial Eagle
128672141,Reinforced Alloy,1,I,Imperial Eagle
128672271,Lightweight Alloy,1,I,Keelback
128672273,Military Grade Composite,1,I,Keelback
128672274,Mirrored Surface Composite,1,I,Keelback
128672275,Reactive Surface Composite,1,I,Keelback
128672272,Reinforced Alloy,1,I,Keelback
128816569,Lightweight Alloy,1,I,Krait Mk II
128816571,Military Grade Composite,1,I,Krait Mk II
128816572,Mirrored Surface Composite,1,I,Krait Mk II
128816573,Reactive Surface Composite,1,I,Krait Mk II
128816570,Reinforced Alloy,1,I,Krait Mk II
128839283,Lightweight Alloy,1,I,Krait Phantom
128839285,Military Grade Composite,1,I,Krait Phantom
128839286,Mirrored Surface Composite,1,I,Krait Phantom
128839287,Reactive Surface Composite,1,I,Krait Phantom
128839284,Reinforced Alloy,1,I,Krait Phantom
128915981,Lightweight Alloy,1,I,Mamba
128915983,Military Grade Composite,1,I,Mamba
128915984,Mirrored Surface Composite,1,I,Mamba
128915985,Reactive Surface Composite,1,I,Mamba
128915982,Reinforced Alloy,1,I,Mamba
129030681,Lightweight Alloy,1,I,Mandalay
129030683,Military Grade Composite,1,I,Mandalay
129030684,Mirrored Surface Composite,1,I,Mandalay
129030685,Reactive Surface Composite,1,I,Mandalay
129030682,Reinforced Alloy,1,I,Mandalay
128049328,Lightweight Alloy,1,I,Orca
128049330,Military Grade Composite,1,I,Orca
128049331,Mirrored Surface Composite,1,I,Orca
128049332,Reactive Surface Composite,1,I,Orca
128049329,Reinforced Alloy,1,I,Orca
128049340,Lightweight Alloy,1,I,Python
128049342,Military Grade Composite,1,I,Python
128049343,Mirrored Surface Composite,1,I,Python
128049344,Reactive Surface Composite,1,I,Python
128049341,Reinforced Alloy,1,I,Python
129030466,Lightweight Alloy,1,I,Python Mk II
129030468,Military Grade Composite,1,I,Python Mk II
129030469,Mirrored Surface Composite,1,I,Python Mk II
129030470,Reactive Surface Composite,1,I,Python Mk II
129030467,Reinforced Alloy,1,I,Python Mk II
128049250,Lightweight Alloy,1,I,Sidewinder
128049252,Military Grade Composite,1,I,Sidewinder
128049253,Mirrored Surface Composite,1,I,Sidewinder
128049254,Reactive Surface Composite,1,I,Sidewinder
128049251,Reinforced Alloy,1,I,Sidewinder
128785621,Lightweight Alloy,1,I,Type-10 Defender
128785623,Military Grade Composite,1,I,Type-10 Defender
128785624,Mirrored Surface Composite,1,I,Type-10 Defender
128785625,Reactive Surface Composite,1,I,Type-10 Defender
128785622,Reinforced Alloy,1,I,Type-10 Defender
128049286,Lightweight Alloy,1,I,Type-6 Transporter
128049288,Military Grade Composite,1,I,Type-6 Transporter
128049289,Mirrored Surface Composite,1,I,Type-6 Transporter
128049290,Reactive Surface Composite,1,I,Type-6 Transporter
128049287,Reinforced Alloy,1,I,Type-6 Transporter
128049298,Lightweight Alloy,1,I,Type-7 Transporter
128049300,Military Grade Composite,1,I,Type-7 Transporter
128049301,Mirrored Surface Composite,1,I,Type-7 Transporter
128049302,Reactive Surface Composite,1,I,Type-7 Transporter
128049299,Reinforced Alloy,1,I,Type-7 Transporter
129030535,Lightweight Alloy,1,I,Type-8 Transporter
129030537,Military Grade Composite,1,I,Type-8 Transporter
129030538,Mirrored Surface Composite,1,I,Type-8 Transporter
129030539,Reactive Surface Composite,1,I,Type-8 Transporter
129030536,Reinforced Alloy,1,I,Type-8 Transporter
128049334,Lightweight Alloy,1,I,Type-9 Heavy
128049336,Military Grade Composite,1,I,Type-9 Heavy
128049337,Mirrored Surface Composite,1,I,Type-9 Heavy
128049338,Reactive Surface Composite,1,I,Type-9 Heavy
128049335,Reinforced Alloy,1,I,Type-9 Heavy
128049274,Lightweight Alloy,1,I,Viper Mk III
128049276,Military Grade Composite,1,I,Viper Mk III
128049277,Mirrored Surface Composite,1,I,Viper Mk III
128049278,Reactive Surface Composite,1,I,Viper Mk III
128049275,Reinforced Alloy,1,I,Viper Mk III
128672257,Lightweight Alloy,1,I,Viper Mk IV
128672259,Military Grade Composite,1,I,Viper Mk IV
128672260,Mirrored Surface Composite,1,I,Viper Mk IV
128672261,Reactive Surface Composite,1,I,Viper Mk IV
128672258,Reinforced Alloy,1,I,Viper Mk IV
128049310,Lightweight Alloy,1,I,Vulture
128049312,Military Grade Composite,1,I,Vulture
128049313,Mirrored Surface Composite,1,I,Vulture
128049314,Reactive Surface Composite,1,I,Vulture
128049311,Reinforced Alloy,1,I,Vulture
